city,state,lat,lon,tier,population,aliases
Delhi,Delhi,28.6139,77.2090,Tier-1,33000000,"New Delhi,NCR,National Capital Region"
Noida,Uttar Pradesh,28.5355,77.3910,Tier-2,642000,"Gautam Buddha Nagar,NCR"
Gurugram,Haryana,28.4595,77.0266,Tier-2,876000,"Gurgaon,NCR"
Faridabad,Haryana,28.4089,77.3178,Tier-2,1400000,"NCR"
Ghaziabad,Uttar Pradesh,28.6692,77.4538,Tier-2,1729000,"NCR"
Mumbai,Maharashtra,19.0760,72.8777,Tier-1,21000000,"Bombay"
Bengaluru,Karnataka,12.9716,77.5946,Tier-1,13000000,"Bangalore"
Kolkata,West Bengal,22.5726,88.3639,Tier-1,15000000,"Calcutta"
Chennai,Tamil Nadu,13.0827,80.2707,Tier-1,11500000,"Madras"
Hyderabad,Telangana,17.3850,78.4867,Tier-1,10500000,"Cyberabad,Secunderabad"
Pune,Maharashtra,18.5204,73.8567,Tier-1,7000000,"Poona"
Ahmedabad,Gujarat,23.0225,72.5714,Tier-1,8400000,"Amdavad,Karnavati"
Jaipur,Rajasthan,26.9124,75.7873,Tier-2,3073000,"Pink City"
Lucknow,Uttar Pradesh,26.8467,80.9462,Tier-2,2900000,"Awadh"
Kanpur,Uttar Pradesh,26.4499,80.3319,Tier-2,2767000,"Cawnpore"
Varanasi,Uttar Pradesh,25.3176,82.9739,Tier-2,1200000,"Banaras,Kashi"
Patna,Bihar,25.5941,85.1376,Tier-2,2046000,"Pataliputra"
Chandigarh,Chandigarh,30.7333,76.7794,Tier-2,1055000,"City Beautiful"
Ludhiana,Punjab,30.9010,75.8573,Tier-2,1618000,"Ludhiana Industrial"
Amritsar,Punjab,31.6340,74.8723,Tier-2,1132000,"Golden City,Ambarsar"
Jalandhar,Punjab,31.3260,75.5762,Tier-2,862000,"Jullundur"
Bathinda,Punjab,30.2110,74.9455,Tier-3,285000,"Bhatinda"
Patiala,Punjab,30.3398,76.3869,Tier-2,446000,"Royal City"
Panipat,Haryana,29.3909,76.9635,Tier-2,295000,"Weaver City"
Karnal,Haryana,29.6857,76.9905,Tier-2,286000,"Rice Bowl"
Hisar,Haryana,29.1492,75.7217,Tier-2,307000,"Hissar"
Rohtak,Haryana,28.8955,76.6066,Tier-2,374000,"NCR Rohtak"
Agra,Uttar Pradesh,27.1767,78.0081,Tier-2,1585000,"Taj City"
Meerut,Uttar Pradesh,28.9845,77.7064,Tier-2,1305000,"Sports City"
Prayagraj,Uttar Pradesh,25.4358,81.8463,Tier-2,1117000,"Allahabad"
Bareilly,Uttar Pradesh,28.3670,79.4304,Tier-2,903000,"Bans Bareilly"
Aligarh,Uttar Pradesh,27.8974,78.0880,Tier-2,874000,"Lock City"
Moradabad,Uttar Pradesh,28.8386,78.7733,Tier-2,887000,"Brass City"
Gorakhpur,Uttar Pradesh,26.7606,83.3732,Tier-2,673000,"Gorakhdham"
Muzaffarnagar,Uttar Pradesh,29.4727,77.7085,Tier-3,392000,"Sugar Belt"
Mathura,Uttar Pradesh,27.4924,77.6737,Tier-2,456000,"Braj"
Bhopal,Madhya Pradesh,23.2599,77.4126,Tier-2,1886000,"City of Lakes"
Indore,Madhya Pradesh,22.7196,75.8577,Tier-2,2170000,"Mini Mumbai"
Gwalior,Madhya Pradesh,26.2183,78.1828,Tier-2,1101000,"Fort City"
Jabalpur,Madhya Pradesh,23.1815,79.9864,Tier-2,1268000,"Sanskardhani"
Raipur,Chhattisgarh,21.2514,81.6296,Tier-2,1010000,"Capital Raipur"
Bhubaneswar,Odisha,20.2961,85.8245,Tier-2,885000,"Temple City"
Cuttack,Odisha,20.4625,85.8828,Tier-2,610000,"Silver City"
Ranchi,Jharkhand,23.3441,85.3096,Tier-2,1126000,"City of Waterfalls"
Jamshedpur,Jharkhand,22.8046,86.2029,Tier-2,1339000,"Tatanagar,Steel City"
Dhanbad,Jharkhand,23.7957,86.4304,Tier-2,1162000,"Coal Capital"
Gaya,Bihar,24.7914,85.0002,Tier-2,474000,"Bodhgaya"
Muzaffarpur,Bihar,26.1209,85.3647,Tier-2,393000,"Litchi City"
Bhagalpur,Bihar,25.2425,86.9842,Tier-2,410000,"Silk City"
Surat,Gujarat,21.1702,72.8311,Tier-2,6000000,"Diamond City"
Vadodara,Gujarat,22.3072,73.1812,Tier-2,2065000,"Baroda"
Rajkot,Gujarat,22.3039,70.8022,Tier-2,1390000,"Chitranagari"
Nagpur,Maharashtra,21.1458,79.0882,Tier-2,2405000,"Orange City"
Nashik,Maharashtra,19.9975,73.7898,Tier-2,1486000,"Nasik,Wine Capital"
Thane,Maharashtra,19.2183,72.9781,Tier-2,1841000,"MMR Thane"
Navi Mumbai,Maharashtra,19.0330,73.0297,Tier-2,1120000,"New Bombay"
Aurangabad,Maharashtra,19.8762,75.3433,Tier-2,1175000,"Chhatrapati Sambhajinagar"
Solapur,Maharashtra,17.6599,75.9064,Tier-2,951000,"Textile Hub"
Kolhapur,Maharashtra,16.7050,74.2433,Tier-2,549000,"Wrestling City"
Visakhapatnam,Andhra Pradesh,17.6868,83.2185,Tier-2,2035000,"Vizag,Steel City"
Vijayawada,Andhra Pradesh,16.5062,80.6480,Tier-2,1048000,"Bezawada"
Guntur,Andhra Pradesh,16.3067,80.4365,Tier-2,743000,"Chilli City"
Tirupati,Andhra Pradesh,13.6288,79.4192,Tier-2,460000,"Temple City"
Kochi,Kerala,9.9312,76.2673,Tier-2,2117000,"Cochin,Queen of Arabian Sea"
Thiruvananthapuram,Kerala,8.5241,76.9366,Tier-2,957000,"Trivandrum"
Kozhikode,Kerala,11.2588,75.7804,Tier-2,609000,"Calicut"
Thrissur,Kerala,10.5276,76.2144,Tier-2,315000,"Cultural Capital"
Coimbatore,Tamil Nadu,11.0168,76.9558,Tier-2,1601000,"Manchester of South India,Kovai"
Madurai,Tamil Nadu,9.9252,78.1198,Tier-2,1465000,"Temple City,Thoonga Nagaram"
Tiruchirappalli,Tamil Nadu,10.7905,78.7047,Tier-2,916000,"Trichy"
Salem,Tamil Nadu,11.6643,78.1460,Tier-2,831000,"Steel City"
Mysuru,Karnataka,12.2958,76.6394,Tier-2,920000,"Mysore,Heritage City"
Mangaluru,Karnataka,12.9141,74.8560,Tier-2,623000,"Mangalore"
Hubballi,Karnataka,15.3647,75.1240,Tier-2,943000,"Hubli-Dharwad"
Belagavi,Karnataka,15.8497,74.4977,Tier-2,610000,"Belgaum"
Guwahati,Assam,26.1445,91.7362,Tier-2,962000,"Gateway to Northeast"
Siliguri,West Bengal,26.7271,88.3953,Tier-2,701000,"Chicken Neck Hub"
Asansol,West Bengal,23.6739,86.9524,Tier-2,563000,"Coal & Steel"
Durgapur,West Bengal,23.5204,87.3119,Tier-2,566000,"Steel City"
Dehradun,Uttarakhand,30.3165,78.0322,Tier-2,578000,"Doon Valley"
Haridwar,Uttarakhand,29.9457,78.1642,Tier-2,231000,"Holy City"
Rishikesh,Uttarakhand,30.0869,78.2676,Tier-3,102000,"Yoga Capital"
Shimla,Himachal Pradesh,31.1048,77.1734,Tier-2,170000,"Queen of Hills"
Dharamshala,Himachal Pradesh,32.2190,76.3234,Tier-3,53000,"Dharamsala"
Srinagar,Jammu and Kashmir,34.0837,74.7973,Tier-2,1260000,"Summer Capital"
Jammu,Jammu and Kashmir,32.7266,74.8570,Tier-2,657000,"City of Temples"
Jodhpur,Rajasthan,26.2389,73.0243,Tier-2,1033000,"Sun City,Blue City"
Kota,Rajasthan,25.2138,75.8648,Tier-2,1001000,"Education Hub"
Bikaner,Rajasthan,28.0229,73.3119,Tier-2,644000,"Camel City"
Udaipur,Rajasthan,24.5854,73.7125,Tier-2,451000,"City of Lakes"
Ajmer,Rajasthan,26.4499,74.6399,Tier-2,542000,"Dargah City"
Alwar,Rajasthan,27.5530,76.6346,Tier-2,322000,"NCR Alwar"
Bhiwadi,Rajasthan,28.2104,76.8606,Tier-3,105000,"NCR Industrial Hub"
